"""since we're apart, my world is sad and lonely"""
When he sang Lonely next to the ambulance &gt;&gt;&gt;
"I could use a hug rn too, because Im kinda lonely and Im lowkey scared as hell to get this MRI Friday night."
Nobody literally worships the devil on Halloween... That is just bored and lonely to be complaining.
"Just hugs Klee because she is quite lonely, and sad."
"pero de The Beatles graba A Day in the Life del album Sgt. Peppers Lonely Hearts Club Band, en los estudios Abbey Road de Londres, Reino Unido."
"He's a soft hearted baby, he knows what its like to be lonely with no friends"
i had to make a couple bands by my lonely
Rather be lonely then looking foolish
none of it go together and then that lonely ass crawfish thrown in there for aesthetic
I feel like getting a cat would really solve my problems. Pls Im so lonely I need my own companion.
"you dont complete me, you complement me. know the difference, bc im good by my lonely"
"came across the music video for Lonely Day today - of course Ive seen it before buuuut it hit hard today . Like COVID, trapped in the house, so on and so forth. But damn Serj them curls that was the MAIN takeaway from that."
if nobody texts me its not bc im lonely its just bc i never got the notification
lonely enough to let you treat me like this
not to sound like a lonely bitch but. i wish my friends reached out first sometimes
The entry below is about what caused the above &amp; also how today has completely destroyed what I thought about the subject of yesterdays poem... hello to the me of yesterday you were just lonely &amp; getting ready to accept it as permanent!! never do that!!
Its lonely not having friends but its much lonelier being surrounded by fake friends
thats literally you and lonely
I disabled all of my notifications so i can be lonely without being reminded of it
Screaming out lord help me I been lonely
I rather be lonely than live a dirty life .
lonely vibes
The Band Perry - Don't Let Me Be Lonely
Im surrounded by people but feel so lonely.
no. youre going to live a lonely life.
"i was doing so good until dec &amp; i got my heart broken then terrible things happened &amp; i spiraled &amp; like lost my mind &amp; all comfort &amp; security in my life. im just now getting myself back &amp; its hard n lonely but now i just want peace, family, love n security now that im ok"
im that lonely friend that asks wyd if there's no current topic bc i am desperate for ways to being talked to
Lonely
Being lonely is my biggest fear.
Ughh me to with my lonely ass whats a girl gotta do to get some consistency around here lol
this is what being a lonely with personality does to a person
"you will never feel lonely, never again, because now you have me."
Thanks Kim I sure hope it does. I wouldnt wish that on anyone. Its such a lonely dark place.
Its so lonely here
Don't eat Taco's friends T v T he be lonely!!
im okay i just feel lonely
i hate the feeling of being lonely
My mom claims I got hoes cuz I have female friends Im lonely as hell mom stop tha cap
ALONE NOT LONELY bookboost Pizzazz_Books
"This is pure bloody magic. I know you probably know first hand how isolating this kind of work can be (especially in academia), so if I've made it feel less lonely I couldn't be prouder. Thank you for your kind words, and good luck with your work!"
so lonely
I just watched jungwoo's relay cam and I have never felt more lonely
The DJ at my wedding played the song from Titanic and the Backstreet Boys show me the meaning of being lonely. This guy probably would have played the Cohen Hallelujah song if my sister hadnt distracted him with food.
"I pray I never get lonely enough to settle, only bad bitches for me."
You must be such a sad angry person. I feel sorry for u keyboard warriors who act so tough when real life must be sad and lonely. Good luck getting a real life some day I hope it makes u a better person.
When you are the ONLY ONE that retweet and like your own post you must be a very sad and lonely soul.
"high school sweethearts from poor families, stepmom convinced to break up to marry a rich older man. meet again years later after both get divorces and survive cancer when they accidentally become neighbors and their lonely year old kids want to play video games together."
My toxic trait is ghosting people so they know I'm mad at them but I can't do it for more than a day cause I get lonely
Told myself that you were right for me but felt so lonely in your company
I be feeling so lonely but its better than relyong my sick ex
LONELY and miserable
so u are a lonely lover like me
lonely as hell
yes but i dont wanna be lonely
"Praying for those isolated, depressed, lonely, those with substance and health issues. You are in my heart and prayers! All day every day!"
a lonely roaaadd
Now playing You're Only Lonely by J.D. Souther!
i love how my life revolves around a few people but i do b feeling lonely sometimes
My future husband ain't allowed to talk to other girls. U lonely? U better get on your knees and talk to Allah. Otherwise I won't mind setting up a meeting of yours with him
....lonely heart Can I start another life with you?
Yall ever feel like a lonely dumbass just eating watching tv while your partner is busy doing their classwork? Cause me neither
The same way people are attracted to just anything n everybody..your greedy....lusting cuz your lonely
I love being a mom but I dont know who I am outside of being a mom. Its lonely and my depression is starting to eat me alive.
Pretty sure % of the people who follow me do so because they're a writer and I'm a writer and it's what writers do! The other % are lonely men looking for a wife and something about my pfp totes says 'child bearing hips right here yall!'
Idk why social media promotes being antisocial . I was that...and now Im lonely all the time.
i forgot i have actual people to talk to again lol i spent all day being lonely
You aint lying i be lonely as hell over here
now that made me feel lonely lol
So down lonely im gonna watch Ouran High School Host Club again. But dubbed this time.
mines the best on this app and i wont take any other answer
lonely enough to let you treat me like this
"Being single gets lonely sometimes, but taking the time to get yourself right for when that person come along, itll all be worth it. Ill wait"
"LOL Everything makes me hungry for food. If I'm sad, happy, or lonely. It brings me comfort. Especially since trump &amp; covid."
im sad and lonely anybody want feet pics for cash
baaaare lonely
I think that tonight I'll leave my light on / ' Cause I get lonely when it's out and I miss you right about now
"i'm really in the abyss, or just lonely. Am I a mistake, or just a failure ?! I don't even know if I'm real, or just sentimental. I just know that I wanted to be the main well this is all just my mind that deludes me and destroys me with illusions easily."
all my love sometimes hands on me leave me lonely everytime you'll never know
"so i have a twitch and im playing hypixel and this person says can i play and i say sure and we play and THEN they fall and they go ""sorry im going through a rough time rn"" and then they say that theyre lonely and now im sad"
im so lonely im reading FANFICTION
This is false my name starts with a J and Im lonely
me: bruh kinda lonely... wanna cuff someone ngl also me whenever someone starts being clingy as hell: nvm lol
your lips look lonely would they like to meet mine?
it just happened to be lonely this night
V A dore you L ights up E ver since new york N T o be so lonely I N A
This life really lonely
send me stuffs im Bored and Lonely
justin bieber by one less lonely girl
im sooo alone nd lonely without you
"fine line, she, to be so lonely"
"alone but definitely not lonely, happiness &amp; contentment plays a vital part!"
In a Lonely Place (1950) dir. Nicholas Ray
Hey guys I just got this account I Love yaoi (any kind ) If you want to be friends ( kinda lonely and want to meet new people) you can message me or reply so we can start our conversation of yaoi together
I dont want to spend forever feeling lonely.
All my friends work fridays and Saturdays. this is why I be lonely on the weekends
"Next tattoo idea: ""March , - lonely"""
I cant trust so I be riding by my lonely
r u god's lonely person? yes
this is why u r lonely
Feeling lonely
back to being lonely af
"i love being alone , but hate feeling lonely"
bored and lonely make we can keep each other company..
jus me by my lonely this bagg gon keep me company
When you are lonely and full of despair Things aren't half as bad when somebody cares
listening to lonely heart right before bed hits so mf different
No Doubt- Different People Banks. -Drowning (Lido Remix) Friday Night Plans- Decoy Lonely Island ft. Justin Timberlake- Dick in a Box
wooooooo im lonely wooooooooo
"Around September . My middle school depressed insecure phase, I was also very lonely and anxious around others. BTS came in the perfect time but Hobi and his sunshine radiating smile came in and to this day brightens up my world"
"Lonely, lonely, lonely whale"
"Dudes. I am so lonely. It just hit me like a truck and now Im kinda crying. I just wanna be held and told Im valued for all that I am and all that I will be. Anyway, I hope you guys are doing alright"
Lonely looking lil midget lobster sitting on top of that awful looking macaroni is akin to a dollar store dragon sitting on a pile of plastic gold coins
That lonely ass crawfish dont even belong on there .. like them peas
Wait that must be lonely Being the only living species in this genus
Calmness is the first step to disappointment.
Dear diary I just started my day and it's alr felt sad out of the blue and almost everyone is busy I feel a bit lonely.
"I said you know what Im not lonely anymore, Im okay with being alone and someone said just because youre content doesnt mean youre happy and DAMN"
Morning wood but I'm lonely
you both have become sad and lonely
lonely send tweet
Thats a lonely ass feeling though...
Am soo lonely but am not broken and am not angel...so yeah.
"You think you feel old? First time I felt old, Bee Gees' Sgt Pepper's Lonely Hearts Club Band came out (yes, that's real). -yo kid tells me how great she thinks those new Bee Gees songs are. I was . I'm really old now."
"i feel kinda on my way out with this community, as i find myself repeatedly exploited by popular furry artists for emotional stability and then tossed for their next co-dependency. it's just tiresome and lonely; i'm over it"
That one lonely lil crawfish got the suds
im the king of imessage games nobody comes close. its lonely at the top
Yeah just lonely
AM LONELY AND DRUNK
I love my independence ever since I stopped relying on other people
you did!!! your suggestion helps a lot
Lonely nights like these where Im finding bae I reflect and think if inspector Fash was around he would have solved the mystery. Where is lotis bae?
"My podcast list has been lonely without &amp; John. Heres hoping his hiatus isnt permanent. Come back, John. We miss you"
my dad sent me a video of my mom practically crying about justin bieber being lonely
New Episode out tomorrow morning It rhymes with Lonely Tans Facebook: /BeingExtraPodcast Twitter: Email: BeingExtraPodcast.com IG:
Leave Me Lonely Unsaid (Better Left) Care (I Dont) All My Love Side To Side
No nothing lah
"In the early days of the pandemic,you helped me through it.Id watch you breakdown the daily White House covid press briefings.A brilliant mix of facts,humor&amp;humanity.Ive been quarantining completely alone.Been really tough.But people like you make it less scary&amp;lonely.Thank you"
I been thuggin by my lonely trust me ill be fine
im so excited for valentines day even if i am so incredibly lonely
"Im afraid that after all this shts I am not able to forgive anymore. The audicity of people trying to prove how disgraceful their acts can be really sucks, they show off how lonely they are risking their image and dignity."
Tired of being lonely...
important question pls answer i'm moving in months and i don't want to be lonely for my senior year
"Single me is thriving, single me is so hot,single me gets lonely over the thought of hot chips without the cheese but single me is still hot"
"girl listen, dont settle for less just because youre lonely ok"
"I will accompany you if it means you aren't lonely, hyung!"
Byeeee greta still hasnt figured out that her mom pays me to hang out with her cuz shes lonely af
i'm lonely as can be
Lonely
Struck me like a chord I'm an ugly boy Holdin' out the night Lonely after light
Im Not Laying Beside No Person Who Dont Love Me For Me Ill Be Lonely Before I Be A Fool
"yall are so miserable do you not want people to be honest about their feelings an experiences anymore? especially during these times, connecting through the internet with these ""over shares"" helps to make people feel so much less lonely in this dark cold world"
is this u coming out??? /j
Nahh i be lonely looking at the ceiling in the dark
Stopping illegal ice fishing is cold and lonely work for Maine game wardens
Some days I log onto MC and just sit alone fishing for hours while watching random MC videos or streams of people like or and then slowly realize I am wasting my time fishing alone ;-; but hey... I caught a pufferfish... but still lonely...
I done seen that lonely crawfish all over the TL
Are your wrists lonely? Buy them a friend!
"[OnlyHitUS] Right now: Lonely by Justin Bieber, Benny Blanco Join us on"
Absolutely! Funny thing is I knew it was all a show and jumped on the bandwagon in . I guess its less lonely. Anyways good chatting!
"In a way, I still don't really get it Thinking about it makes me kinda sad. It feels lonely"
I feel so fuking lonely and empty
I'm lonely
Lonely
im trying cause i hate being lonely
This was the start of th grade year ppl was going through it like hell i didnt wanna be there missed my brothers i was lonely as heck had nobody to talk to new school and plus i hated how i looked if we bein fr he was ugly
i half want to change my layout but also my brain short circuits when ppls layouts change and i think changing my own would boggle my mind too much
"I'm not a toy, you can play with, when you are bored, lonely or horny. If you want me, earn me."
Whos sad and lonely and working late tonight and and has nobody and listening to
Why this one lonely crawfish
im so lonely
feeling lonely. someone find me a boyfriend
"himself. He now was recently only on morning patrols, some ended up lasting until the afternoon- he was always home before dark though. Izuku seemed to make a habit out of waiting for him, Katsuki guessed that it was just because he might've been bored or lonely It was a bit"
I am introvert but even I would get so lonely after this long. I am tired of my situation so I imagine everyone is in one way or another for various reasons I am so sorry for what you experience.
ONE LESS LONELY GIIIIIRL
oiewjfiejwwe I did? I mean- Of course I did B) It was nothing!
"People with firm beliefs are lonely. However, I believe there are many followers in this world."
i feel like a pirate lost and alone on the brink of despair with so much to say but theres nobody waiting right there to complain to its lonely im so lonely
Im better with you but Im cool when Im lonely ..
I didn't fall for you because I was lonely or lost. I feel in love with you because I was bonded with you for the first time. It was the only time that I had ever wanted to make someone a permanent part of my life.
Stop reminding us how lonely we are
"Take away this never ending sorrow, take this lonely feeling from my soul"
[sobbing] oh god i'm so lonely
"Everybody doing okay? Feeling some lonely energy the last few weeks I hope youre all good. If youre not good thats okay, the pain is temporary. I love you, you are so strong bby. Keep pushing through"
"wow, really? i would've never guessed"
interact with me please i am so lonely
"Yes, Mr. milktoast (properly spelled: milquetoast) overcooked pasta boy is going to be nice little treat for some lonely, yet burly, cellmate."
Lmaoooooo just so lonely
I know the feeling. It was my birthday yesterday and I spent all day hoping on that message from her. It never came. I ended up writing an entire song about being lonely on my birthday lol.
this why u lonely
OoOhH Im yours WBK !!!!! Aint lonely on th feb !!!!!!
I want to feel safe and seen in love but for now? giving that to myself feels absolutely beautiful. providing care for myself &amp; writing to express love to myself? beautiful. this experience can be lonely but the good in the end is what Im staying aware of.
cANT BELIEVE I ALSO FORGOT THIS BUT thank you so much for beta reading this!!!
Im just concerned about that lonely crawfish!
he's all alone through the day and night the lonely loner seems to free his mind at night at at at night
We said we've never let anyone in We said we'd only die of lonely secrets
"When I come up, ima make sure Im this lonely too."
Check out the video and enjoy the Danzhai through the lens of Lonely Planet photographers.
Hate Hoes like that Mind ya bihness Lonely Bitch
"sigh brookelyn hasnt been active in hours, shes probably watching tvd i just get lonely and need constant entertainment"
"That's right, when we say we're lonely, and just pretend to understand each other, the truth is, we're mistaking satisfaction for love."
bro im so lonely wtf
"""I am wearing an invisible cloak, you can tell how lonely I am"" ~ Ye Jin, years ago from an interview. Hyun Bin finally managed to get rid off that invisible cloak To forever BinJin Crto Weibo"
I think lonely nights as a third single with a remix would have been good... with like Nicki back then and then second single still he like that
Lonely Lady Virtual Man
The enemy wants the Christians to accept the new currency and mark of the beast. To do that a champion was needed to rally them behind the next leader. I dont care if I sound crazy. Its all a show! Ive known this since . Its fun to jump on a bandwagon and less lonely.
Damn u must be RRLY lonely
That crawfish was so lonely on that bed of roni.
And if you look very hard Behind those lines upon their face You may see where you are headed And it's such a lonely place
Where have you gone Boss Wharton A nation turns its lonely eyes to you
i'm lonely as can be
"would u look at that, my hand is here, lonely, all alone, not holding anything, or anyone"
he means cum guys hes a little lonely rn
chapters on romance are falling apart a comforting friend from a lonely heart
"Ive been lonely all along what a joke, right?"
all my friends are playing league and I can't help but feel lonely watching them all play together T_T didn't think I would say this but I kinda want to play league again idk &gt;.&lt;
"I always wanted to be alone, but I've never wanted to be this lonely."
I smile all the time so nobody knows how sad and lonely I really am
"Pls love me too...am lonely xD (far though I am very lonely right now.,need comfort)"
go for a drive in the quiet lonely city
devoured
"There are so many huge problems that wont be magically solved by the inauguration tomorrow, but just for now, Im going to enjoy every last one of the quotes about Trump being a sad, lonely loser."
i feel lonely
"Just tonight I stood before the tavern Nothing seemed the way it used to be In the glass, I saw a strange reflection Was that lonely man really me"
so lonely rn lol
my heart's lonely without youuuuu
Done
Martin Garrix - Scared to Be Lonely (Acoustic) on
Success is often a lonely road
Lonely and cant sleep
#NAME?
Yeaaahhhhh wait but ur gonna be with ur old duo so Im gonna be lonely
"When you feel lonely go outside and talk to the stars, it may be weird but the stars are always there for you. They're always watching you and keeping you stafe. So next time you feel lonely, a star will shine just for you."
i'm lonely and i blame insta for making that feeling worse
"The Lonely Planet China Travel Guide also recommended the Gaoyao Terraced Fields, as well as the No.1 Waterfall in Qiandongnan the Paiting Waterfall, and the remains of the Daizhai gold-mercury mine which reminds the tourists of Resident Evil"
when you choose growth it gets lonely but worth it
"Nah, that lonely ass crawfish in that plate is reallg messing with my mind. How mans just sat that atop the food like that?!"
ha im lonely
"Same AHXHAHAHAAH also I'm just soooo not in the mood no matter how ""lonely"" I get"
"hm. i want to say no, but most likely yes. theres a lot of things i want to try that i cant fit all into one lifetime, but i know it would get very lonely"
"lonely eyes, she had those lonely eyes"
"Hes so lonely he cant get at least woman in his life, its sad but for me its visually appealing"
Now Im searching every lonely place Every corner calling out your name Trynna find you but I just dont know Where do broken hearts go?
crawfish lonely aab
"when mitski say ""my god im so lonely"" i feel that"
"i'm sorry, let me start this all over again; ""would you like some attention, my lonely creature?"""
Single doesn't always mean lonely. What is does mean is that you're strong enough and smart enough not to settle for second best. KAILAN NEXT KUMU FRANKIANA
"I m showered () and wearing my Aja era merch in anticipation of revenge! If you are lonely, tune into to see the first round of vengeful performances (including mine)! Audience votes can decide who moves forward!"
"I need more friends the friends I have, we talk like once a week. Im lonely band need someone to talk too lowkey"
lonely
Here's a fact: You don't need a bf or gf to be happy
I been thuggin it by my lonely
A lonely bitch .. A loner .. I love isolation AND detachment
Idk if Im ready to be back in a relationship but Im damn sure ready for someone to love me again (besides me). This lonely. Send tweet.
Are you lonely? Loneliness is a feeling of emptiness or hollowness inside of us. It often stems from our
"itunes US . anyone, monster, holy, lonely, stuck with u, yummy ======================= OUT. de una flopvez"
Hahhhh my honmaru will be lonely for days... Tsuru is gone
open to anything but doesn't get it... I'm so lonely
"sylvester was sitting alone in one of the party rooms, having yet another sleepless night. he was very bored and lonely, since his dad was in his office working and wanted to be alone. syl could use some company,,"
"all the lonely people, where do they all belong?"
I would like to tell each and everyone of you that have made these past years mean something because with out my Twitter family it would have been a very lonely place! I LOVE ALL MY RESISTERS!!! you each have a special place in my heart!
"Exhausted hospital chaplains bring solace to lonely, dying (from )"
I'm listening to the lonely Island so you know I'm in a weird place mentally
being home alone means jumping around to lemon demon playing at full volume on my speakers lol
"Im so easy to cut off. I wont ask no questions, just leave me alone"
Do you get road rage walking behind slow people? no because i walk alone
"Being a one woman business is no joke. Building inventory all alone with no help, building website, being the photographer, creative director and all of the extra legal stuff in between is not easy... but it will all be worth it."
PANIC! alone in my room
I knew I had to leave the Za alone when I passed the blunt to my homie but I was alone
now they just. dont try annoying me and leave me alone after i get up
The downside of working alone for several years is that you do not know the value of teamwork.
Se imaginan cantar never walk alone en anfield?
"it wouldn't if they leave us alone, also, is really annoying having to block so many people just to tweet about what i think in peace in my own account"
I'm not going through this alone
This is great how about you stick to Joey or something and leave my boy Connor alone.
Hell get in off the Canadian vote alone
"poor greg, alone"
"Has a POTUS ever left the office so isolated, shamed and alone? He torched our global reputation for displaying peaceful transitions of power. Military brass loathes him, Fox News called Arizona on election night, his V.P. wont see him off and he even lost McConnell."
stream get you alone!!
My parents left me home alone all week
/2 because it statistically has. They have clearly focused a big portion of there development on eververse because they have added a total of NEW ITEMS this season alone. Not to mention the fact that they keep reskinning events nobody has any interest in because of loot inc
Leaving his daughter to face that alone is equally as deplorable.
Now I drive alone past your street
"As a Jew this month has been extremely traumatic, Im seeing things Ive read about. Politicians adding America First in their bios has me clutching my passport. So if youre feeling the same, youre not alone and youre not overreacting."
"most of my blocks are bots that wouldnt leave me alone, some are pedophiles, and like one is someone who was just repeatedly attacking me for no reason lmao some people just block block block nothing but block but honestly if that makes your tl better go ahead i guess"
Living alone hearing strange noises irks me!
my bad!! Glad to hear Im not alone in binging Oreos. Theyre soooo good
if u aint nasty dont me; Ive been working all day.. i like to run the streets til its dark out then come home n blow ur back out (i hope thats ok) i cant leave u alone ..
I added you! I believe it comes up as my name as well Im so glad Im not alone in not enjoying untamed!!!
// transphobia - - - - Being a cat is not a gender leave me alone Omg
"NEVER FORCE JISOO TO SPEAK ENGLISH! SHE WAS BORN IN KOREA, SO WHAT WOULD YOU EXPECT HER TO SPEAK? Y'ALL ARE CRAZY, LEAVE. JISOO. ALONE."
Then leave the country and you will be left alone.
Bitch leave me alone
"hey academic accounts, i know how to do my coding assignments, leave me alone"
Everyone is alone. Everyone is empty. People no longer have need of others. You can always find a spare for any replacement. Any relationship can be replaced.
addicted drown disappeared get you alone whippin stars qual o top de vcs??
this is the end this is the end youre not alone in this my friend this is the end this is the end FEED THE FIRE
leave my mans alone
You are not alone!
BAEKHYUN SELF TITLED BEA [12:30 AM] get you alone drown addicted disappeared whippin [NEW] stars
"You aren't alone. Never give up hope. It will get better, it will take time. We are all in it together. Thanks for all you do."
Home alone call me
THE HERO STANDS ALONE
Lmfaooooo oh you wrong. Whats his name wont leave me alone. I tried but I think we got some soul ties
Go big or go home alone
"find a new hobby. many people know that kim would never tweet that in general, let alone on july th, . we're part of a pretty tight-knit community on here. anyways... muting this now"
my grandfather is the type of person to chew with their mouth open and when i was i couldnt eat in peace hearing it so my grandmother got worried because the food always got cold and i couldnt eat it afterwards SO she decided to let me eat alone in another room and the rest of
"Im at Peace baby , now leave me alone"
why am i alone nder
"i was alone, i was tied, and you saved me... you set my heart on fire, you gave me life"
I think we are alone now...
Leave my Grandma alone
LEAVE ME ALONE
"Uhmm btw knetz, luvity celebrating crvty cb and teume celebrating trsr st endorse and million seller...you dude just wanna ruin our day for celebrating our happiness go away, leave crvty and trsr alone"
I stopped venting to my friends and family months ago... whatever I go through I thug it out alone
"jokes... jisoo: was born in KOREA, has been living in KOREA and speaks KOREAN for her whole life, has KOREAN friends&amp;family, went to KOREAN school, auditioned in KOREAN ent agency to become a KOREAN idol she doesnt owe you anything. leave her alone."
yes. alone but not lonely. id like to spend my days by myself but always have the option of being around friends &amp; knowing that they care without constantly suffocating me yk?
"Losing friends SUCKS so bad.. especially when its over the fact that you have a relationship with God, but Id rather be completely alone than walk away from God. Thats just it"
"""If you weren't such a Noisy Mother Hen you would leave me alone,"" he spit back. Also, didn't Dazai-San said this man is a workaholic? ""Why even bother with me ...."""
oh dazai just say you want some quiet time alone with chuuya
You are not alone though.
"said friend is a cancer sun, virgo moon and gemini rising I'm never gonna be able to have alone time or avoid them now."
"Blackpink created winter flowers and hairstyles and a cleopatra look? The cleopatra thing is just ridiculous the only thing that is similar is the hair that is all also, g-idle mv was inspired by East Asian culture and hylt was not yall just got to leave them alone."
"Just gonna throw this out to Michael Boulos, Tiffer's fianc. Bro, considering the family you're marrying into, you might want to sit down (alone) and watch The Godfather. Watch it right to the end. Keep an eye on Carlo. He's married to the Don's daughter. You're welcome."
Honestly pipetting for hours while plays in the background is how im making it through my hours in the lab alone with covid restrictions
I want none more than for you stay out of my life. If you continue there will be charges set in stone. I'm done. Leave my family alone. Unless you can apologize tyler and I are persuading charges against you and ian for harassment.
leave them tf alone. it aint that hard to do
I feel bad for her the emotional abuse alone is painful.
""" I have created a monster."" XC jokes. "" I think you should take those job opportunities."" "" But I don't know those places Paris, Milan, NY."" "" You won't be alone, Huaisang will be with you. It will help you to know more people."" "" But I'll be away from you."""
how do u stay in a relationship for a year+ or even alone a month
"Why one fault? Salah was poor, needs to start firing. We have no CBs (Rhys not up to it, slow &amp; inexp' so can't play big games, Nat Jones raw potential but not ready. Firmino was lost, Mane alone. The rest pushed against a Utd parked bus, clock burning &amp; constant drama dives."
Not alone (x2)
You are not alone as long as you reach out to people. There will always be someone who will hold your hand. Be kind to yourself and reach out.
Leave me alone
THE REDACTION ALONE MAKES IT KNOWN HOW TRUMP REVISED IT TO HIS ADVANTAGE LIKE HE HAD HIS DR WRITE HOW HEALTHY HE WAS BACK IN .WHICH THIS DR WAS BETRAYED BY TRUMP &amp; RECENTLY DIED
"That's a fair trade!! But... I do batch recipes down, as I live alone so I hear ya on portions."
It better to be alone because no one can hurts you and your feelings : )
"Wtf. I can barely afford a new phone, let alone an iPad."
why does my dad always wait for me to get out of the bathroom when he needs to use it just go pee downstairs stop pressuring me my butthole is on fire leave me alone
why am i alone when i know that you want me too?
I got through mostly alone but I appreciate and
Same here...I feel like Ive been holding it together for so long that Im running on fumes. Im sure Im not alone. Im so very relieved that Biden will be our leader and proud I was able to help work to make it happen. But there is so much more to do.
waiting on an angel. one to carry me home. hope you come and see me soon. because I dont want to go alone. I dont want to go alone.
Seen that pony tail sitting all alone and had to go in for the kill
". is literally EVERY working parent right now: wine, work, and kids who cant leave you alone."
Hehe I just wondered if people left their lines alone or if they go through and touch it up
"Step by step, through this storm, we shall be victorious. Because our blessed hope lies in Him and Him alone. Amen"
He been running to the corner since he got traded its not just the offense alone but its a reason to it he needs to be able to score off the dribble and he just cant right now
I aint sleeping alone tonight..no
Like nebula didnt know stuff all she knew is that gamora went with thanos and never came back gamora didnt even know that he would have to make a sacrifice killing someone he loved how the hell was tony suppose to know leave the poor man ALONE
When I'm home alone am Michael Jackson and you
Sending you and your family strength and courage for a quick and full recovery. Use your iPhone to talk with them even if they can only listen. It will help you all to feel less alone!
"But to start at , no matter where you are helps no one. It keeps you under minimum wage, doesnt allow the client to have your full attention (150 cant pay any serious bills let alone your cameras, editing equipment, gas, computer)."
Am i getting high alone tonight or?
Its giving home alone vibes
Your time gone come when leave whats his name alone
"never been the type to wanna fit in, i'll sit alone if I have to."
"I don't feel jubilant, gleeful, or reborn. I feel tired, sad, and alone. I'm putting that out there because if you feel the same, at least you'll know there's someone else out here who is struggling too."
you cant be strong all the time. sometimes you just need to be alone &amp; let your tears out.
Shes a spoiled brat her parents are famous. That means shit. Her parents are focusing on themselves not her. Only Claudia will carry the lifelong scar&amp;effects of raising herself and being alone in a world shes too young for. Fame =/= good parents. They both failed her
What a sick person. Leave them alone
DONT YOU FORGET ABOUT MEEEE ILL BE ALONE DANCING YOU KNOW IT BABY TELLL ME YOUR TROUBLES
Like if they leave us alone for than and you have a dress ohhhh we on
"If you think that you're the only one out there who has ever felt the type of pain your feeling... take a look at the world sweetie. Out of all the billions of people out there, someone knows how you feel. You're never alone."
knetz breathed to compare trsr wtf leave them alone
Pace is at least average based on alone. Note the period at the end of that sentence. Very few consistently win. Those who do got lucky with their QB. Belichek was a serious Brady injury away from being a perennial -8 gm/coach. Look what happened to him one year without TB
hi how was ur day filled with school i wanted to write but my mom was home and wouldnt leave me the hell alone
You arent alone. I think we have collective PTSD at this point.
"u too! Jie don't feel that you're here alone, okay? Must keep the spirit! whatever disease your body is fighting right now, you have to be strong!!"
"we don't care, leave treasure alone"
It's MUCH more relaxed with a group than it is trying to play alone!! until a ghost hisses in your ear super loud and then it is distinctly Not Relaxed
Heres a song for you Get You Alone by BAEKHYUN
Have you ever felt being more comfortable when youre all alone rather being surrounded by even your friends because sometimes they are being judgemental or maybe its you who are too sensitive hmm
o meu ta assim n me xinguem addicted get you alone disappeared stars drown whippin
Its because there is a major publisher behind them which has the infrastructure to make it happen. They take the risk of having a huge success or big flopor somewhere in between. That alone dictates what books pop up in a local bookstore or chain retailer.
"The real reasons employers like WFH: ) Can make employees pay for workspace, most equipment ) Easy to frame moms with kids as unprofessional ) Physical isolation = much harder for employees to make friends at work or confront managers, let alone unionize"
Leave me and my son alone
yall better watch some Home Alone and get u some ideas
The fact that nobody EVER seems to respond to her posts or aven react to them tells you all you need to know about her. I am betting she lives alone. Her and like cats.
"Your happiness depends on you, and you alone. DJLOONYO NEW SINGLE SOON"
"And I know we weren't perfect But I've never felt this way for no one And I just can't imagine How you could be so okay now that I'm gone Guess you didn't mean what you wrote in that song about me 'Cause you said forever, now I drive alone past your street"
I dont know if Zions weight will slow him down in the future but right now... he be dominating those gentlemen all the while being double caked up. Im gonna leave him alone for now.
U actually speak for a lot of ppl who used to be apart of the GOPs agenda. I can relate to u cuz I grew up in a conservative household and was always told that being liberal was bad. Glad I was proved wrong and glad to know I wasnt alone
"Thank you for sharing. I dont know u &amp; Im not even in the US but I cried rdg this- for u &amp; for the way I related. U are definitely not alone &amp; your experience matters. You matter. We matter. Our experiences of life &amp; work matter. Most importantly, wishing you health &amp; wellness"
GUESS YOU DIDNT MEAN WHAT YOU WROTE IN THAT SONG ABOUT ME cause you said forever now i drive alone past your street /ly
Aww no its so bad isnt it its just a surreal situation no one should die alone! Hope your ok too xx
Just popping in to say believe in your immortality and leave me alone please and thank you
ALL ALONE CANT TAKE THE LIGHTS
Tik tok is weird asf but now i know alot of ways to keep me safe when im alone
First off that many didnt die from covid alone. Notice the death toll every year is the same. And Im sure you think Trump told them to storm the capitol toodope
Oh for my sakes. Leave the straights alone!!!
"There r some roads you will have to walk alone. No family, No friends, No Parters. Just U N GOD"
"wdym leave gaga alone, im a fan LOL"
"Congratulations our dear President Elect of Uganda . The good Lord who Created you and gave you to us as a gift to awaken all the lost hopes, is the same God that is your Protector. They are trying to Isolate you, but You are not alone.The Holy Heavens are by your side"
Leave me alone about a car warranty
Wow who even thinks like this? it's his body so you don't have any right to negatively comment on it. Gosh I hate these kinds of people. Leave Kookie alone ffs
you are not alone bro hahaha
"My heart breaks for her. Claudia will carry this around with her for her whole life. Its devastating to hear anyone talk to a child like that, let alone their own child."
nahhhh youre alone
"Gulf born from not good at singing, and now being confidence sing alone with so many phi fans so proud"
They are free to argue that bc it has been argued that before. And u can argue that very well when no legal charges have even been made. Please leave me alone
yall need to leave black women alone. all of u are white gays with a nako or chaewon pfp..
"Dude can't even ride a bike, let alone a motorcycle! This is about the same as putting them on a unicorn"
"More than k souls died alone of ;their loss minimized,denied by a negligent President.400 lights lit up the Lincoln Memorial, brings us to tears in their honor.They mattered.Thats how we heal. It's important to do that as a nationPresident-elect Biden"
Im so anxious and sensitive about stupid stuff feeling like I'll be forgotten by everyone I care about and crumble alone AND THATS STUPID but still...
when i was little i was terrified of car washes and one day my window was left cracked open while we were going through one and water splashed on me. it scared me shitless and to this day i refuse to go into a car wash alone because they still freak me out to an extent
Cause you said forever now I drive alone past your street
"When u lay alone, i ache"
"Sometimes I wish someone out there will find me, till then I walk alone"
"I did not fall in love with you because I was lost, or alone, or because it needed to be fixed, I fell in love with you because after meeting you and seeing who you are, I wanted to make you a permanent part of my world."
"green, now tell them to leave jm alone"
yes thank god im not alone
I dont want protection. I want nothing from our government except to be left alone.
"May you recover quickly, both because you are a human and are valuable for that reason alone, and because you're awesome. &lt;3"
He left Chuuya alone for four years and still has the nerve to be lonely. What a coward. He walked past familiar faces and greeted those who did. Its terribly easy for him to mimic people and he hates it.
Can the world not end till my man comes home cause uhhh I cant go through that alone so ima need trumps cult to be cool tmw and not start anything crazy
"Inside, people chatted and danced. He knew and recognized almost all of the people her yet he feels so alone. Alone. That word alone makes him feel like a hypocrite. Well, maybe thats what he isa lowly hypocrite."
"Tears threatened to come out of his eyes but he blinked them away. /He left me alone and confused and sad and scared for four years, I do not wish to put myself through that again./"
Thank god Im not alone
being alone.
Marquei como visto Grey's Anatomy - x4 - Youll Never Walk Alone
i said what i said earlier because i was not letting my friend get dragged alone
This man at my job is really tryna make me do all this work since Im only doing temps tonight. Sir for all this I couldve been picking orders. Leave me alone!
Adds up like crazy! I do it on occasion at the studio and the service fees alone is weeks worth of food budget
dont finish yo statement. you alone? call me Ill be yo replacement!
you said forever now i drive alone past your street.
Please leave JK alone
"The difference is, with a lot of the stuff I've been through, one single person saying ""hey, leave him alone"" could have changed everything, whereas covid requires everyone to change their behavior to protect the most vulnerable. Of course I'm not surprised how things turned out."
Allegations are nothing without proof. And there werent even allegations towards him according to the article. Let alone any evidence that something happened. Lmao and yall thought Trump was the sole source of misinformation
going to the bar alone is all fun and games until you have a full drink n have to pee but have to wait til u finish it
I hate when someone telling me what should I do but at the same time if I left alone I will drowning lol
cause now i drive you said alone past forever your street
You are NOT alone.... sadly...but brighter days ahead.
"While from the Marxist definition, a state is the organ of class rule, and through that definition alone I believe its centralized. And as for a minority rule, not everyone can run the state, so, representatives get chosen and the power of the state is vested in them."
You are not alone my dude. Personally I became so much more mentally healthy once I left. It gets better.
"My whole life I never understood how to be alone and thats what drove me to developing anxiety, this pandemic has isolated me so much like more than ever in my life that my own mind dig itself a whole and I developed anxiety. But I believe this will teach me how to handle it"
"Families wrestle with isolation, sadness in nursing homes: some people really regret being alone"
if you ever feel alone...dont
Theres nothing wrong. Some days I just like to be left tf alone.
sometimes I do get really scared living alone
Listening to bruno ALONE
If you ain't tryna show me off like this pack it up and leave me alone
Stay with it... drinks is a mistake but... you immediately owned it... you are on the way... remember and own the idea that there is nothing a drink (or ) is going to make better Stay with it... you are not alone and you are not forgotten
Heres a song for you Get You Alone by BAEKHYUN
lets leave her alone now
If it can't be exploited...the version alone can't be of much help.
"youve never blocked one of my shots, yet alone an NBA player"
"People are so invasive and stupid sometimes. I don't know if this all worths the hard work it needs to get success. ~introverts problems~ (I love to talk alone on Twitter, LOL)"
"I was going through that pain alone , I was goin through that phase alone"
leave me alone FLOP
we get it you dont like the five senses move on leave me alone
"You definitely aren't alone! My biggest problem has been overcoming what I thought were distractions were just small excuses which mounded up as procrastination on top of actual real life distractions = no art, no progress and a general malaise!"
"Naw, you not alone"
cause u said everrrrrrrr and now i drive alone past ur street
i could see it now you standing on the porch alone looking into the abyss of snow singing views
"October, Not since Rodmell and then only for two minutes have we been alone in a room together-- let alone the other place. Virginia"
Oh so my H stellium is the reason my exes never leave me alone...
I actually loved living alone if I hadnt moved to the city and needed someone to help me afford rent I never would have gave it up
And I've been alone for five years.. . time flies indeed.
being alone in my room with no one to hold w be the death of me
"No they don't and if the game wasnt intended for next gen when development started in lol And that's just a lie. It runs terrible on every console. Shit the Xbox one S can barley run Star Wars, let alone cyberpunk. You clearly just made up that lame excuse"
"East Pakistan riots - State sponsored killings of thousands. Estimates are lakh killed, million displaced. East Pakistan pogrom - State sponsored killings of thousands. -1000 dead in Dhaka alone(No estimate for other places). More than lakh displaced"
"Listen Ashleigh I don't got anything say to you, but stay out of my life I already told your uncle what's up and now I'm going to tell you, if you don't leave me alone I have enough evidence to get you a harassment charge and ian a theft charge. So stop harassing me."
BUT WHAT IF I NEVER SEE THEM AGAIN AND THEY WILL FOREVER SEE ME AS THAT ONE PERSON THAT LEFT THEM ALL ALONE IN AN EMPTY WORLD
"I know I, I'm alone in bed You know I, I'm not enough, but I still stay the same So tell me to leave, I'll pack my breath"
You have to run for office and have right values to be elected. Skin color alone doesnt win races. I hope runs someday
"i haven't started the series (yet) but i know how hard it is to animate LET ALONE draw characters,,, you think it's easier that we're faced with a global pandemic? make it make sense????"
"I appreciate it, but I can handle it alone."
I can hardly tolerate pictures of myself let alone a videos...
"Of all the times I've ever been to the movies alone, I've read the credits to the best of my abilities."
im not alone lmao
do better alone
The kinds of people who think tattoos are for degenerates are exactly the same kinds of ppl I want to leave me the hell alone anyway.
You never felt alone until no one remembered your birthday.
STOP LEAVE HIM ALONE
"Let alone that some of the first words out of his mouth when he was hired (Donovan) were that he didnt like recruiting. Look what happened in this recruiting cycle - despite having an ELITE QB committed for + years, you lose an in-state stud WR who throws with him all the time"
"Bro I ain't built for big hits, leave me and my small hits alone I'm still gettin H I G H okayyy??? Mind ya business lmaoo"
tell her to leave jimin alone. you are so blind you would rather defend a pic account (when u can find another) over someone your favs have a work relationship with! grow up
"Hughes had three points in the second period tonight, alone"
leave him alone
leave my boy alone
which episode does he appear so i can watch that one alone
im fine with being left alone just stop pretending that you fwm.
at least i didn't say youd die alone like i originally was gonna
"""I couldnt stop crying. I lived alone. It was just photo after photo of me sleeping."""
We lost all this work (I dug up all of this alone) but the red crap we had on it the house Jack black (panda) my brob
Ppl always think when youre attractive youre just incapable of being alone. Untrue.
Even Austin Matra feels alone sometimes. Am I famous now?
"He continued, ""It can't be helped. Might be a good idea to ask at Fukuis for a bed. Chie, take her over there, won't you? No, on second thought, it would be dangerous in the streets for two women alone. Damned nuisance. I'll have to show her the way myself."""
Really hurts worse when I wake up alone
I have not been physically alone in years
like literally when its night i just get so weird and really alone god bless
I'm telling you to leave me alone
And I am saying why should you ask this question of him and him alone? Why?
youre not alone
"not shirley, leave alone"
He needs one for the hair dye alone
"First, Good for you for allowing sad instead of anger. You are not alone. Virtual Hugs!"
. Drown . Whippin . Get you alone . Addicted . stars . disappeared Agr sim
leave your dog alone
"a lot of people died closed off from everything they spent their lives working for. alone, terrified &amp; with little comfort. I'm sure many deserved better. trying to gloss over the profit based hesitancy that allowed such to spiral out of control is a disservice to such people."
Repealing the Muslim Ban alone is reason enough to crack open a celebratory beer at PM tomorrow
LEAVE ME ALONE
I can just imagine all the romantic dinners I'll be having here. All alone. By myself. *sighs dreamily*
Leave Lori &amp; MJB alone they look cute
"As a wise person once said ""time will tell."" Time will tell indeed if a bourgeoisie oriented systems oriented Black person (this time a woman) will be good for the Black bourgeoisie and the bourgeoisie alone or for all of Black people and other oppressed and disadvantage folk"
I jabbed a kid with a pencil because he wouldn't leave me alone
b millionaire at ugw living alone
feeling: alone
"nooo like after watching their documentaries and how the whole team worked hard to not spoil anything to give us the best out of it,, it rly makes my blood boil to see them cancel the filming last night cuz these mfs wouldnt leave them alone"
that's what I'm saying hey make it happen leave alone or for a later date
"not rlly, but being alone can make me enjoy myself, i cant even talk with other"
this bitch never gone leave me alone over this person
Ill really be alone forever idc ?
"That was as beautiful as it was painful, Louis could pretend that this was what they could have. That this was what they were. Pretend that they were together, a unit, a young and beautiful couple with the world at their feet and problems they will never have to shoulder alone."
ur not annoying and its okay to cry but u dont have to do it alone were all here for u !
"Many wind farms are built in seismically active areas, therefore are susceptible to earthquakes According to , by , alone will face an expected -year loss of billion USD. However, we can insure risks like this, reach out to me to insure your business"
I can pull a Home Alone and scare them before I have to tip
Good to know Im not alone.
the bathroom has always been a safe space for me literally since middle school lmao. whenever i need to be alone or i get pissed off i just lock the door and think about shit
"This world has gone crazy, I just want some peace, let me die alone."
"If Pitbull tweeted something like ""even Mr. Worldwide feels alone sometimes"" it would absolutely be the most viral tweet of and he would see a boost in his monthly listens and I'm not quite sure why he hasn't done it"
"Cause you said forever, now I drive alone past your street"
"""He has never spent time alone"". A year-old Haitian boy has been separated from his year-old brother who was looking after him, and detained, with no contact with his family. The Trump family separation policy is being pursued to the bitter end."
if im uncomfortable i start humming and then they get irritated so i leave the kitchen with my food to eat alone
"Several times I have found myself crying alone during this pandemic over the souls who are no longer with us. Today, we acknowledged the loss and cried together. With competent leadership at the top, relying on science, we will get through this."
when im on TikTok leave me tf alone
dream? leave karl alone
"Home Alone , where does Macaulay Culkin fit into this scenario?"
I hear you I dont have an answer to this myself but just know youre not alone!
Didnt his team just finish with like wins? Pretty sure he alone wont guarantee picking in the high s. Its a little early for the hof talk too calm down
hate sleeping alone hours
Only the self-sufficient stand alone most people follow the crowd and imitate.
Was one of his supervisors a woman? Have you ever hired anyone? Spoke to references? Most businesses refuse to even give references let alone allow you to question their employees of each gender to get feedback. The question was absurd.
Hugh Hewitt is not a credible human let alone journalist.
i hate being home alone and all my friends hate me :/
You are not alone!
Really looking forward to the miniconf at with and . The schedule alone got me like
Youre not alone.
also c says g left her alone with k and if k didn't blame c I'm a damn fool
This why I ont like talkin to people now cuz times outta wtf is u tryin talk to me about???? Another mf leave me alone
"I feel like im losing my bond with everybody, i feel so alone bro"
I hate getting my feelings played with when a mf really couldve left me tf alone tf you lead me on for ?
Youre never alone
Happy morning
True that but they'll suffer Alone though
Imagine hearing it at am and you're alone.
wtf leave the knees alone
Jfc why cant weirdos just leave women alone?? Yall ladies and anyone feminine identifying please be safe and arm yourself if possible
The draw speed alone is enough to make him a low star S tier unit
"Pffff, a day? I could do that alone in my garage. Sounds like a whole lotta nothing to me! Whos in charge of ordering and administering, a union? Administer shots then take a hr break? What a joke!"
And left her alone with that? Disgusting.
"""I have a strong belief that there is a god or a higher power. I think that if you have a strong belief in that, then you won't feel alone in life and you will feel you can get through anything."" - Alana Stewart"
For those that live alone and get back tattoos how in the hell do you reach it to moisturize it good god
You are not alone. But you helped me and so many others find the will to fight trumps tyranny. You helped give us hope that we could prevail. You showed us the courage to fight back. I hope you know how much you matter to so many.
Anyone looking for a roommate? I have dogs but they like other dogs and pets. I really dont want to have to find a place to live alone
"We didn't deserve one point let alone two after that mess, but I'll take it! Garbage points are better than no points!"
"Words that my heart say, I love you Words that my tears say, Im sorry No matter how much I pick them up and put them in Words spill out Love is what I do alone Love only leaves tears A crappy, foolish love"
"liking radiohead for the meme doesnt work, youre just going end up sitting alone in the dark listening to in rainbows"
"Losing power, the Inauguration tomorrow, and bring exposed is a Trigger Ttrifecta for Kellyanne. Claudia is vulnerable, and alone with her. The next hours or so are going to be hellish on s new level for Claudia."
Please leave cricket and other sports alone. Do not mix and draw analogy to politics.
Someones gonna tweet tomorrow that picture of the kid mowing the rose garden with trump yelling at him but theyre gonna remove trump and the kids gonna be mowing alone.
"Dont ever try to make anyone feel guilty about doing single shit if yall only in the talking stage &amp; you barely even hit them up for anything outside of anything sexual, live across the country, and never even met the person in rl, let alone barely FaceTime...tf"
Home-alone style traps made with old fish-o-filet boxes.
Your grit alone allowed Rishabh Pant to play the way he did. You were superb!!
"he doesn't seem particularly keen on the concept, judging from his body language alone. too many nights spent without sleep usually had that kind of result. ' pretty shitty burden. ' folds his arms, scratches his bicep idly."
Super proud of you for sharing!any woman (including myself) have had plenty of Christmas alone. Treat yourself that day! Youve earned it
addicted get you alone e disappeared
"end of update mashiho won the bbe so hes friendzoned by yedam na. for bbs, doyoung won it by landslide next update will be the damoves of dobby and the runner ups asahi and yoshi."
Me when I get friendzoned by a jpg
im talking to this guy but i friendzoned him a while back and now he calls me buddy AND ITS SO FUNNY
awit friendzoned
you also friendzoned Sayori didnt you
"I FORGOT HOW HARD LAIKA GETS FRIENDZONED AT THE END OF THIS EPISODE IT'S HYSTERICAL he just stands there like SADLY SMILING as Pride runs to SOMEONE ELSE and he's like WELL, I HAVE MY DOG.... L M A O"
I haven't watched the latest season but i hope she give my man Carisi some action and then he dog her ass out for all them years she friendzoned him...lmaoooo
and you guys are gonna laugh at me but up until a week ago I was pretty sure I was friendzoned so saying that kinda stuff is still so new shhajdnnsd
. . . Friendzoned. Yeah. Friends. So much for his feelings coming into light.
You good bro? Just been friendzoned?
HOW DOES IT FEEL LIKE TO BE FRIENDZONED
I mix flirting with sarcasm and end up getting friendzoned
tori and chloe arguing if ive been friendzoned by kathleen in my mentions while im writing a cover letter
"I fully appreciate that Cyberpunk locks off romance-able characters by giving them sexual orientations instead of making them all player sexual. That said WHY DO YA GOTTA GIVE ME THE ABILITY TO MAKE A FOOL OF MYSELF ANYWAY Tried to kiss River Ward, got friendzoned hard"
i think i just got friendzoned..... ALEXA PLAY DESPACITO
"Damn, how does it feel as a girl to be friendzoned"
"cancer placements please use discernment with this one lol. someone may have friendzoned you? they care about you deeply and im getting that the feelings here are mutual, but this person just isnt ready for a relationship right now. they have other priorities to tend to"
I waited a year for a girl to like me back(she friendzoned me at the end)
thats why I always get friendzoned
"Buddy lame lame, he got friendzoned"
but only platonic&lt;/3 gave me a weapon on my standard banner pity mihoyo friendzoned me by not giving me qiqi
Does that mean I'm not friendzoned or I'm not even considered a friend
"i confessed , but he friendzoned me"
friendzoned lol
"LOL, friendzoned again!"
Yo... I have been friendzoned by literally every woman ive been out with. Set a record in December with new friends
You friendzoned him
Have I just been friendzoned-
"it's better to be friendzoned than familyzoned LOL I can't wait for JN to know that JM and NN is one, imagine not family zoned but jn will definitely be very shocked tysm for reading"
She friendzoned me Damn not people being upset there are women out here who want them in their presence and and consider them friends. YOU DONT DESERVE THE FRIENDSHIP SIR!!!
i mean it seemed like he was force sensitive at times so they should have focused on his character as a whole more than him being friendzoned by rey
"both my mom &amp; dad dated many times before they met each other, both had large circle of friends mom was the type who dated for fun &amp; friendzoned a lot of ppl and it seems like my dad kept seeing ppl my grandparents disapproved..."
friendzoned
guys i just got friendzoned L
well i just got friendzoned
*emoden voice* well you see. its a gamer pad. not many girls come here often because i get friendzoned so frequently
How lame is it that fin got friendzoned so Rey could sacrafice herself to Kylo. Extremely lame.
Friendzoned
": i definitely dont think that joongi was friendzoned by iu (lol), to me it seems more like he sees her as a precious dongsaeng now, im not really into ships but joonchae? they for sure give off that mature couple vibe"
who friendzoned.
"at this point do you think hyunjae just likes the little tingle of pain that comes with being friend zoned by Jac I think he just adores him, a lot. A LOT! and I dont think he sees it as being friendzoned or anything bc he jus"
i get too i feel so friendzoned
FRIENDZONED AGAIN
Friendzoned OK
hyejoo friendzoned me yeah i can see it
I saw him about a year after I friendzoned him. It's unlikely.
On my mama kids if I get friendzoned ONE MO TIME....Im going back to the streets
Not many girls come in here bc I get friendzoned so frequently. Its not as pleasant as youd think. They dont treat you like a friend they treat you like an item. Sometimes I wish I could be more than just an accessory for these women but unfortunately as a gamer I dont get respec
Hanbin always getting friendzoned
Aww Winston friendzoned
Just Sold Another of my Favorite Items on IWC! Friendzoned Cuck
My guy got friendzoned hard by the girl he likes - not everyone needs to have a girl
You ever make dinner for your best friend who friendzoned you but you jizzed in their meal and they ate it?
i have this family dinner tomorrow and i dont wanna go -_- and theres probably gonna be a dude i friendzoned once -_-
already got friendzoned tho well maybe you should answer my dm
Yeah got friendzoned by Panam
Po jo se the anticipation is better than getting friendzoned
cant force a relationship. she friendzoned me so i cant do anything about it. im respectful
So.. yday Yani got crushed by Larisa.. today Kat crushed whatshisname.. Stu and Ash got friendzoned.. all these dumpings and friendzones is PEAK
just got friendzoned lmao cheers
"last year on valentines day i scammed a guy into giving ice cream by tweeting if anyone wants to take me out on a date, hmu and a dude did and we went out for ice cream and i friendzoned him while i was on the date"
Friendzoned
"It didn't promote Finnrey that much. She friendzoned him quickly. Finn liked her yes, but it was never reciprocated. I love that movie. People are going to ship who they want, it's not a big deal."
Chelsea getting battered at Leicester and Stuart getting friendzoned on this is not the night I had planned!!
hes crying because he appreciates the words but also because hes been friendzoned KBSHKWBKDKBWVKDVKDKV
friendzoned AGAIN
the guy I was going to friendzone friendzoned me before I could friendzone him. the audacity
I just got friendzoned
"You're a Young, you recognize photo nonsense. Did they photoshop Friendzoned Daughter to give her a waist? Because that looks...odd."
here's a bloopo fact i've been friendzoned times out of the times i tried to date someone lol
"I got friendzoned and my dear people, is how it too~"
just got friendzoned by remi dhmu
my friend told me to tell the guy i have a crush on about my feelings but he just told his crush and she friendzoned him i-
"So is like you gotta be my friend first for me to like you but that can end up on me being friendzoned or you being frienzoned, but if we are not friends first I will never feel sexual attraction to you"
True. They can have same interest. Its just men dont necessarily long for friendship from women st. Unless she ugly; she can get friendzoned Lol. We chill with the homies mostly cause we on the same wave.
didnt u get friendzoned or smth
"They did him dirty. And to rub salt in the wound, friendzoned him and then Rian Johnson did his best Cartman's Cupid Me and tried to force a romance with Rose Tico. In usual lazy fashion, Abrams and Johnson dimmed the old heroes so their shabbied heroes could shine."
Friendzoned again *tips fedora*
Been friendzoned twice this week. This is why I cut
Damn! Friendzoned again.
don't tell me your twt crush friendzoned you
"``have I already been friendzoned? ouch. soft, faux grumble from within. he isn't actually bothered."
Coz she friendzoned him for life.
Hell hath no fury like a Rex friendzoned....
HE DESERVED SO MUCH MORE THAN JUST BEING FRIENDZONED
Sheefo be getting friendzoned by boys n girls dude losing on switching sides too oof
"what years of no love life , &amp; being friendzoned times does to a mf"
did that and got friendzoned
nia just friendzoned me
Then friendzoned him but forgot to tell him you already have a bf and you stay friends but then also find out he has a shrine of you and still has a crush on you
My man can't even get friendzoned
he got friendzoned buddy paavam
Not me being good friends with a guy who friendzoned me from tinder and now Im getting screenshots from bumble and phone calls about threesomes I cant
I'm going to sleep. bye. I love you bestie bambam got friendzoned by me
"Dating is hard, yall. I let someone down easy today and they took it well but I still feel guilty. I also met someone else recently and may have inadvertently perma friendzoned myself"
When a guy farts around me for the first time I dont know if he just fell in love or I just got friendzoned.
indirectly i just got friendzoned?
That friendzoned for life hug
friendzoned
AHA HOW DOES IT FEEL LIKE TO BE FRIENDZONED
Friendzoned.
"I dont feel like Im in the wrong, you cant friendzone a person then expect them to apply the same pressure.. you kilt my pride and my hope when you friendzoned me.. what the heck did you expect?"
you already friendzoned yourself with that dn
I got friendzoned I shall commence the self-harm
friendzoned
The prequel FRIENDZONED is even scarier
probably broke his heart when you friendzoned him tho ;-;
I got friendzoned. She legit told me youre in the friend zone. Lol life.
Not many girls come in here bc I get friendzoned so frequently. Its not as pleasant as youd think. They dont treat you like a friend they treat you like an item. Sometimes I wish I could be more than just an accessory for these women but unfortunately as a gamer I dont get respec
"i have, they either want nothing to do with me or just flat out friendzoned me"
YALL JAEHYUNS CHARACTER IS A LOSER WHO GET FRIENDZONED AND WE THOUGHT HE WAS ABT TO GET KISS SCENES BYE
their hiding from me being friendzoned
Friendzoned.
"i got friendzoned :'( but it's not awkward and he said that something could happen later this year but just not rn and i respect that ,'"
HOW WOULD I KNOW HE MEANT IT LIKE A DATE DATE? HE FRIENDZONED ME FOR MONTHS
Thanks! Awh.. She friendzoned you? If she only knew how you thought about her..
"I have to share this with you all. On my birthday, I received a message through Instagram from a guy I dated years ago and friendzoned after dates. The message: ""Happy birthday to my future wife."""
Not many girls come in here bc I get friendzoned so frequently. Its not as pleasant as youd think. They dont treat you like a friend they treat you like an item. Sometimes I wish I could be more than just an accessory for these women but unfortunately as a gamer I dont get respec
Ymir gets friendzoned
"Talk to him and tell him how you now feel. I've been in a position where I friendzoned a girl and then a few months later, changed my mind about dating her."
Ion mind being friendzoned but yall expect a person to keep watching yall get hurt by other ppl
alexa just friendzoned me
Friendzoned. Wrong hand.
how does it feel like to be friendzoned
HAHA HOW DOES IT FEEL LIKE TO BE FRIENDZONED
how does it feel to be friendzoned
Friendzoned get shit on
"// finally friendzoned by my own muse, thank you Childe, but you were not my first friend, and I know you have no friends; so I'll be your first friend"
got friendzoned
The worst thing about living through a major historical event is that individually shit things still happen just too make it worse. Shoutout too whoever got friendzoned by Anne-frank.
Friendzoned
friendzoned
Easy friendzoned be my best friend .
Rather be friendzoned ngizamile
"but idk man dongha has that same sejong vibe to me lol these two guys just don't seem to have good chemistry with women,,, and if there's any they'd be: friendzoned, in total unrequited love, just don't have any care in relationship"
Not many girls come in here bc I get friendzoned so frequently. Its not as pleasant as youd think. They dont treat you like a friend they treat you like an item. Sometimes I wish I could be more than just an accessory for these women but unfortunately as a gamer I dont get respec
Melia has had enough of being friendzoned and will now do the sonic boom knuckles glitch
i mean he is the second lead they always get friendzoned
my dude gets friendzoned damn
i cant believe jaehyun is playing some loser pushover nerd thats been friendzoned for years
LMAOO HE GETS FRIENDZONED
"Guys being single is excellent, I don't gotta rely on anyone! I love the independence"
she friendzoned me
"She told you I was friendzoned, what? I'm in the endzone"
Friendzoned!
"""Guys get friendzoned for being nice"" ""Moder day women go for the toxic guys"""
"Just that MGM got ""friendzoned"" by Entain in pretty brutal fashion. They were like ""hey we get along well, what if we make this official"" and Entain was just not that into them."
"Finn was botched the minute he got hit in the face by Rey. It might have knocked all the potential out of him as the movie as he became the simpering sidekick to a Mary Sue, cinematically friendzoned by the plot, then revealed to be a janitor."
Not many girls come in here bc I get friendzoned so frequently. Its not as pleasant as youd think. They dont treat you like a friend they treat you like an item. Sometimes I wish I could be more than just an accessory for these women but unfortunately as a gamer I dont get respec
U JUST FRIENDZONED
"Being 'friend-zoned' can be frustrating, especially when you didn't see it coming. Get yourself a reality check by taking this eye-opening quiz. Evaluate now:"
I agree as long as the origin of the fired ship is organic and not forced because someone got friendzoned
All he said was okay and she blatantly called him friend How'd you arrive to the conclusion that he's being friendzoned?
Not many girls come in here bc I get friendzoned so frequently. Its not as pleasant as youd think. They dont treat you like a friend they treat you like an item. Sometimes I wish I could be more than just an accessory for these women but unfortunately as a gamer I dont get respec
friendzoned
Tgok org friendzoned kt ig
Lol he friendzoned me along time ago
get friendzoned turner
"Sadly, I thought it was some kind of date. But I got friendzoned so hard I stopped playing the game."
oomf just friendzoned me dhmu
ure friendzoned cres
Friendzoned
Me stop getting friendzoned challenge
might go around and get friendzoned again
Awts friendzoned agad
can we continue our journey but not as bestfriends tired of being friendzoned
He litteraly said men were being friendzoned for being too nice that's not at all the same thing I said lmaooo. You're lying.
"No, your whole point is saying that men get friendzoned for being too nice. That's simply not true. ""Nice guys"" get friendzoned cause they're nothing else but nice. Being nice and interesting arent exclusive and friendzoning someonz nice doesnt mean you end with someone bad."
"sorry we were friendzoned aaaages ago...when they cameup with our name ""ELF""!!!"
FRIENDZONED
oh god this is like getting friendzoned by someone who's completely unrelated to your relationship
Friendzoned :/
always get friendzoned without getting friendzoned
Friendzoned again...
"btw talkimgn about sexuality, at first I thought I'm demi since I actually fell in lob with someone but it reeeeally took me along time to realize (we were best friemds. friendzoned them for ++ years until I finally agreed to date them JSHHSJGS real life k words slow burn)"
"Would you be intrigued or entertained by a guy who wants to be friendzoned, buy you shoes, and be your tiny loser Plsnotagain"
"Exactly. As she has done so many shows,almost /4 of ITV industry people r her friendzoned. Same goes with . Why should she be questionable what her fds r doing or not."
friendzoned my short king like that
. I friendzoned someone before
"And where is my Wave singing our friendzoned anthem, ""On My Own"""
Friendzoned again
Aaah... friendzoned by another she-devil...
Friendzoned
"Happy Anniversary to the st time Onge smiled at me during Wanna One Meet &amp; Greet and I was literally stunned speechless at how beautiful he was. Also Happy Anniversary to being friendzoned by Minhyun to her face Today will always be special, Happy Birthday, Cass!"
Is it because you got friendzoned?
My Mans writing me a love letter while gets friendzoned
"""i got friendzoned and then girl i liked kermited herself. this is all kakashi's fault. ignore everything we shared. i am now going to destroy the whole damn world with my evil uncle. everything about this makes sense. i am still sympathetic, aren't i? tell me i'm sympathetic!"""
One time I got friendzoned. They called me Albebro for one week so I would understand.
Wish I could say I dont get why dudes simp or get friendzoned but I used to be that guy Then one day I went nuclear and the worse I treated chicks the more I got
"LMAO THYME I cannot with Bright legit calling himself out But also,, poor Win getting friendzoned so hard,,,"
zoom in on the friendzoned again
ishimaru friendzoned me again
"the last time I saw a girl with dyed hair at my school I asked everyone who she was, got her name, DM'ed her on instagram, eventually became friends with her while developing a crush on her, got her number and kissed her before she friendzoned me for a gamer boy with fluffy hair."
we all getting friendzoned from begining anyway EVERLASTING FRIENDSSSS
Friendzoned
Just friendzoned
Well it's that girl's perspective. If you like her then too bad because you were low-key friendzoned.
"Promise, I mean I got friendzoned"
hey so a boy i friendzoned like (?) years ago told me to name the huge zit on my chin craig. do i marry him yes or no
"You my friend, are a beautiful mess. Love to be friendzoned"
hi help i friendzoned one of my guy friends a couple months ago but have recently been catching FeELsSs... how do i undo the friendzone without putting our friendship at risk?!
"Another day, getting friendzoned by JB hahaha"
She just friendzoned him! Hang in there mate.
"Being friendzoned can work in your favor big time as a person but most people are ""too cool"" to be friendzoned"
okay in my poem the moon is not in love with the sun. my girl the moon is crazily in love with the earth. theyre cottage core lesbians. the sun is just a dude who got friendzoned by miss moon girl right here.
"Worst, to be able to witness their mom getting friendzoned.... Or epic flirt failure ... *internally screaming*"
did i just get friendzoned if he called me dude
Im still friendzoned
"There's also family zone, where your families become friends whilst you get friendzoned, and then get out of touch, while somehow, your families are still friends."
He earlier friendzoned the same guy he was going to makeout with. He sighed complaining to himself that he should get a hold of himself. //Chanyeol control.. don't add more nuisance in your life// He thought not realising that he was still on Baekhyun. Getting back to his senses&gt;
New case of Friendzoned virus
Umpire's Call par out hone ka dard is like Crush se Friendzoned hone ka dard
When I get rejected or friendzoned:
"Dude, That's being friendzoned!"
u literally just got friendzoned after a first date and then gaslit him into thinking he was in the wrong...
//FRIENDZONED GN WELL I SCREAM
found out that i was friendzoned for over months straight
"No, even tho she retweeted, I didn't get Friendzoned lmao"
Yeahhh Cris I dont have to deal with that pain cause I friendzoned first all good over here Im fine
You're all bitching about being friendzoned while I'm in the babysitting/dad zone
Anakin getting friendzoned in the beginning in the movie still makes me cringe to this day
Too bad I already friendzoned you tho or whatever
My guy you got friendzoned
"I feel like leorio would get friendzoned a lot like he would ask kurapika out to dinner so many times whenever he gets a chance and kurapika always answers saying ""i'm busy"""
friendzoned
you friendzoned me
"U have a girl already, just friendzoned tho"
"I friendzoned myself for the next -2,000hrs"
mia gets friendzoned Not clickbate!!!
mia just got friendzoned so hard here
called to ask someone on a date and ended up friendzoned
Fuyutsuki totally brushes off Yui the first time they see each other after he finds out she got married...he's so mad he got friendzoned
Friendzoned por un bot
i cant believe i got friendzoned... dnt txt dnt call
only bc you friendzoned me first :0 and called my dick small
Oh my god I WAS friendzoned-
why would you ever be on team jacob his whole thing is that he was friendzoned bro
the fact that i almost had a boyfriend for valentines day last year BUT I FRIENDZONED HIM EIDOWNDJWN
omg i got friendzoned
the only person I ever let me play wit me more than once is my bd n now people think they can spinnablock like no when u mess up dassit friendzoned.... forever
U will always be friendzoned
FRIENDZONED
Absolutely no way am I letting my bro Eivor be friendzoned. Not like me. I got your back Eivor!
u literally friendzoned me before this ?
sitting in my shower thinking about how kerem friendzoned me
Hey bixby! I love you. Bixby:
was I friendzoned?
My friendzoned friend: what would you do if I got a girlfriend? Youd probably starve Me: Ha-
Did I get friendzoned
Another series of friendzoned Inspirit
did i jist get friendzoned in a relationship
Right?! Cause I felt friendzoned my damn self after that like you entertained a whole other woman in front of them
He s friendzoned
"um anyways now that the guy i accidentally friendzoned bc i didn't realize he liked me is gone, i got to peg my boyfriend and it was awesome"
I always get FriendZoned !!!!
Excuse me he friendzoned natasha
"Now you understand why he friendzoned us, coz he has high, high, super high standards.."
"Now you understand why he friendzoned us, coz he has high, high, super high standards.."
friendzoned!
This is a guy who Ive grown up with and been very close to for years. I go to his family Christmas and thanksgiving and on their vacations. Lol tell me why he just friendzoned me and we are really friends?! Lol the nerve
"me: me, an intellectual: my body is my journal and me to me: you: friendzoned again"
"As a woman, hanging out with a guy who's friendzoned you is probably what the equivalent of having sex with a condom feels like."
"( He doesn't see the fond look, as he still has his face in his hands. But he can hear the smile in Bruno's voice - and can't help but feel like he's being friendzoned...) Ah it's-- It's nothing."
i got friendzoned lol
"When one of your gym crush mentions shes a lesbian and has a GF . Damn , guess Ive been friendzoned."
"is it because of the unpredictability he is too hard to be forgotten herm..... well, i might as well friendzoned him now. lol"
BRUH I JUST GOT FRIENDZONED
"I see people posting, could I pull you? And Im like, DUDE, its not that, its could I pull YOU? Hahaha idk sometimes I just dont see how I could be attractive to anyone. most cuz all the guys Ive liked, have friendzoned me. So I just dont see anyone liking me."
He friendzoned the love interest cause his wife Khet is watching
"You deserve better anyways, anyone didn't see how cool you're and friendzoned you don't deserve you anyways"
i have an irl crush but i think she just friendzoned me
there was this girl named joey but he never made a move so she friendzoned him
But she friendzoned me tho
literally never been friendzoned harder thsn thie
look who's being friendzoned again lmao what a joke
"Once a guy starts calling you ""My Gee"", my dear just know that you've been totally friendzoned"
I just friendzoned them but like not directly. he was like Im so grateful to have someone like you by my side and I went yeah me too youre a great FRIEND yk I did that a few times which didnt work akjsbmk but then I just started ignoring them til it clicked good luckk lmao
This has been a bad day. Amber friendzoned me and made Nik her valentine. Feels bad
I just got friendzoned by my crush
Getting friendzoned is kinda better than being fanzoned so .. xjhgdhjh
...did she just get friendzoned?
They friendzoned him
I even friendzoned u babe
thats what a friendzoned person would say
damn got friendzoned
Getting friendzoned by Alexa is a different type of hurt
*Friendzoned by my crush*
He was obnoxious lol &amp; got friendzoned
Most men think being friendzoned means they must improve on something and you will give them a chance.
man got friendzoned but in a diff way
Just got friendzoned by my boyfriend. He called me bro.
Friendzoned
Friendzoned again...
Friendzoned by poob
kelly: i jus wanna be friends. youre like a brother to me kevin: (tells anna may that he thinks kelly is back with drew bc he cant fathom being friendzoned) kevin: if shes back with him i jus dont wanna be caught up in that drama i cant wait for her shes not interested
I bet this is the kind of guy that thinks he scores when he get's friendzoned lmao
"Me: The friendzone isn't real, god, get over yourselves ugh!! Me when a video game character doesn't want to date my video game character: omg friendzoned"
i would simply date natsuhi and then after she gets shot on october th i will date her best friend and then later get friendzoned by another character
Get friendzoned
my closest guy friend is hot and how the heck its me who got friendzoned in here
not me going back to zora's domain every couple of hours only to get friendzoned by sidon
"Again, the j's. Here's the fanfic: Jungkook: enemies to lovers Jimin: onesided love/friendzoned Seokjin: onesided kinda crush/classmates Namjoon: my best bro Hoseok: the hot teacher"
an irl called me ugly- SKSHSGSJSHSHS BITCH ! LEMME REMIND YOU HOW MANY TIMES I FRIENDZONED UR ASS !
how does he get friendzoned when they are dating? LOL
come to think of it I'm grateful to all the girls that friendzoned me...what was I also thinking
i just got friendzoned today is a sad day
"""no bro she friendzoned me"""
.....last year he friendzoned us Now he's gonna salad-zone us????? YEIN OPPA WHY
friendzoned
forever friendzoned
friendzoned AGAIN
Got friendzoned nrs
I feel like im getting friendzoned for the nd time...
Lily suppose to be his gf but he doesn't understand that she likes him. Instead she just friendzoned.. he still obsess after Dianna but is only a friend.
i've friendzoned girls in the past week
This girl just said Im such a nice guy ... am I getting friendzoned rn ?????
actually i friendzoned him so......
How does it feel being friendzoned? Can't relate.
i really got friendzoned lololol
"y'all say why ship hafael, hope friendzoned him already look at delena pls she friendzoned him so many times i lost the count but they got married and had a kid. your point? invalid."
"Even the term being friendzoned diminishes the other persons worth as a friend. Whats so bad in having a platonic friend? Reframing your worldview to see women as people, and being kind to people in general, can help you in all walks of life. Confidence can come from that"
He couldnt even get friendzoned holy shit
i mean jaehyun has a ft crush on yuta but got friendzoned
how to get a girlfriend -become friends with the girl you like -get friendzoned
"What do u feel when ur ex-crush friendzoned u on text, then years later she text you cuz wanna ask something..but..the last text still appeared, didn't deleted.. such awkward af.. and funny thing is.. we start talking like we didn't care bout our last convo smh.."
FRIENDZONED OVER A GIVEAWAY??
i got friendzoned AGAIN
"In webtoon, Haedam is boyish but cute. I read the first few parts on how she was friendzoned lol"
People are getting friendzoned in the replies
Friendzoned
Dawson whined to Jen about getting friendzoned and now hes mad shes not a virgin omfg I HATE HIM SO MUCH
Guys in the comments complaining that this girl they were kind to friendzoned them. the irony
Anon's being friendzoned
that's why i friendzoned u
"omg hahahahaha but it doesnt mean that youre not happy with your current partner ha, there are lots of thinking lang what if you ended up with him, ano???? ganon ata talaga pag friendzoned hahaha char"
jaehyun's character description is a loser that got friendzoned but irl... lol bye
Yoongi doesn't like me?? *FRIENDZONED* ;'( let me cry
MJJJ I literally friendzoned A because like I dont want boys anymore cz heartbreak shit
lol she will finish with Tohka Friendzoned XD
Nan I've seen many hinata fans hating Sakura and calling her useless while saying Hinata is more useful. And I've seen many ship wars just because Naruto loved her and she friendzoned him.. Don't act like you never saw this bs LMFAO.
Looks Like You re Being Friendzoned By Everyone
So boozoo basically got friendzoned in a positive way
*emoden voice* well you see. its a gamer pad. not many girls come here often because i get friendzoned so frequently
Michel got friendzoned
Friendzoned!
HE GOT FRIENDZONED LOL
friendzoned bro
i once had my crush decide to show me the love paragraph he sent to his girlfriend. to be honest i dont think you can get any more friendzoned then that.
friendzoned cummins
I don't want you to friendzoned me anymore.
the way we got friendzoned huh
Badly friendzoned omggg
Friendzoned by right.
lololol no baby you wont be friendzoned by me..... belive me!!!!
nah bro i friendzoned her ass
Awts friendzoned
"cha minho is an awkward, dorky and naive character who got friendzoned for years IM"
Just friendzoned
There's a hell lot difference between friends and friendzoned
we've friendzoned each other
"Because. (grabs his shirt, looking down) I've been trying not to from the moment you pretty much friendzoned me."
i never really had anyone who actually like me as a girl. i'm either the one who got asked about my friends' number or the one who got friendzoned
Friendzoned but worth it!
Aaah... friendzoned by another she-devil...
Did he just friendzoned us all ???
// dnf i like to think george and sapnap still havent told dream he literally got friendzoned in heat waves
"Yes, i am, badly. Well hihi he gave me false hope, and here am i a fool too, expected much from him even if i know he still loves he's ex, he friendzoned me too but indirectly. Well for now, i literally don't know what to do. He don't know na may feelings ako sa kanya"
he literally got friendzoned
Weren't you the same person who got friendzoned while doing that FLAMES thing with joon's name
you got friendzoned &lt;//3
got friendzoned a long time ago lmao
jungwoo friendzoned but
". i once got friendzoned by my crush, but i still cant move on"
is coincidentally also the number of times I've been friendzoned.
"When i got friendzoned the first time i just said ""lmao k i have to go lol no im fine ahahha"" i was so awkward"
lmao not seojoon getting friendzoned
"She isn't the type of girl to make you think she friendzoned you. If she likes you, you will know."
u literally friendzoned me did u not
can the bitch im in love with and friendzoned me stop calling me bae???
NOT JAEHYUNS CHARACGER BEINF A LOSER WHO GOT FRIENDZONED
Friendzoned
Jaehyun as the loser that got friendzoned???? Idk whether to laugh or cry
FRIENDZONED
Friendzoned
friendzoned again..
is jaehyun getting friendzoned in the drama
Cant believe they friendzoned them
oh no did you just get... friendzoned
friendzoned
"I think she still likes him, and I'm here just getting friendzoned into eternity"
Depends on the person saying it. For me I dont mind being friendzoned but I still hate bro because I have a name
i'm afraid he really got friendzoned by ma jua.. good luck cha minho...
Woah friendzoned??
just got friendzoned no clickbait
Friendzoned besh
friendzoned
Did I just get friendzoned by a month old tweet?
friendzoned
Is this the friendzoned bestie
i'm afraid he really got friendzoned by jua.. good luck cha minho
"ELF have been friendzoned since , why are they're still delulu fans plz just let them live their lives they deserve it"
and those pathetic friendzoned losers who decide to destroy the world and kill their former companions for no good reason are the worst of the worst &lt;3
i friendzoned him again and he had the audacity to ask me are you gonna reject me if i proposed?
He just wants to get friendzoned again
"Uhuru is a weakling , He Friendzoned everyone only for them to turn against Him later . Now it's too late"
Nothing quite like getting friendzoned by a guy who then also gets friendzoned so he cries to you about no one wanting him but you wanted him
we are friends (yes i just friendzoned you but thats a good thing because ive never had a successful romantic relationship)
Sorry you friendzoned me.
GOT FRIENDZONED RIGHT AWAY SHJAHJHJS
awts friendzoned
getting friendzoned by your wife
How guys allow themselves to be friendzoned buffels the sh*t Outta me
"but I liked it better when he friendzoned us just to keep everyone level-headed, don't encourage us"
NOT HIM PLAYING A FRIENDZONED PUSHOVER NERD
The night I got friendzoned
might go around and get friendzoned again
i think i watched too much kdramas but cha minho is going to be the Loser type whos scared to confess and probably will get friendzoned by ma jooah
my boy is gonna get friendzoned so bad songs bro
Win got friendzoned faster than when she admitted to c0ck-drinking
% friendzoned
someone got friendzoned
op friendzoned
its the way I just got friendzoned then doyoung goes live
Friendzoned in a nice way. Hello bish
at least i wasnt friendzoned
Ive never been friendzoned this violently I feel faint
the way park sky and park coding got friendzoned on playlist dramas lol
I'm sure that's exactly what you did which is why you got friendzoned thrice
This is why Degrassi is superior to all cause everyone is the protagonist and its always the white girl being friendzoned and overlooked while the WOC gets all the dudes and all the shining moments. Occasionally the white girl gets a win but its mostly the WOC.
"And then, my queen is a smart girl, she wont kiss until she knows how he really feels about her, but instead of encouraging him, she made a mistake because she friendzoned him. Azat must be so traumatized with that role. But Gnl gets frustrated and I dont blame her."
I friendzoned him for so long and look at me now.. talking to him
my wish was actually that they start dating at the end but anu just friendzoned him i-
"Damn, did I just get friendzoned by my own girlfrie"
*cough cough* friendzoned
like gaara got friendzoned so hard.... and he and sasuke HATE eachother its hilarious
WOOOHHH I NEVER FELT SO FRIENDZONED
"LOL, friendzoned again!"
"Id only be calling/texting to ask any potential questions about the chore list that she gave me, or if there was anything else I could do for either of you. I know better than to think I can compete in any other way than being a friendzoned servant/bitchboy. Ive accepted it"
Spent the day with guy who Friendzoned me Why do I do this its fine
"i guess it was a loss anyways, so i got friendzoned today but i probably dodged a bullet bc he didnt listen to abel"
"i feel bad for daesung omg poor him ,, he got friendzoned sjsjjss"
"Goddammit, I wanna be friendzoned so hard."
the teen beach movie soundtrack is an important detail bc i got friendzoned like minutes later
so when i thought i straight i matched with this guy who lived an hour away from me and he came to pick me up and we drove an hour to go hiking and i proceeded to play the teen beach movie soundtrack during the hike and then he friendzoned me saying he was in love with his
we just got friendzoned
you friendzoned me but now you wanna date hmm
THEY GOT FRIENDZONED
"Damn, so they friendzoned u?"
did i just witness someone getting friendzoned on nsfw twt? yes. did i laugh? OH HELL YEAH PLEANDJE
Idk but hows it being friendzoned
Being friendzoned hurts like a mf
"imagine being friendzoned by kalim, that's a fatality."
I didn't remember every Best Coast song is about being friendzoned
Ive been friendzoned times...poor kid
Friendzoned awheat
damn jade got friendzoned
"Aray,, friendzoned"
"I hate getting friendzoned by chicks out of my league. Like I wasnt even tryna go after u now y u gotta make me feel shitty. I already knew u wouldnt want me, no need to call me buddy."
really friendzoned me aight
